<?xml version="1.0" encoding="UTF-8"?>
<!DOCTYPE suite SYSTEM "https://testng.org/testng-1.0.dtd">
<suite name="Suite">
  <test name="chrometest">
  <parameter name="browser" value="chrome"/>
   <classes>
    <class name="com.obsqura.Scripts.TestClass"/>
    </classes>
  </test> <!-- Test -->
  <test name="firefoxtest">
  <parameter name="browser" value="firefox"/>
   <classes>
    <class name="com.obsqura.Scripts.TestClass"/>
    </classes>
  </test> <!-- Test -->
  
</suite> <!-- Suite -->
