<?xml version="1.0" encoding="UTF-8"?>
<!DOCTYPE suite SYSTEM "https://testng.org/testng-1.0.dtd">
<suite name="Cross Browser Suite">

  <test thread-count="5" name="Test1">
  <parameter name="browser"  value="chrome"></parameter>
    <classes>
     
      <class name="com.reobeen.qa.testcase.LoginTest"/>
     
    </classes>
  </test> <!-- Test -->
  
  <test thread-count="5" name="Test2">
  <parameter name="browser"  value="ie"></parameter>
    <classes>
     
      <class name="com.reobeen.qa.testcase.LoginTest"/>
     
    </classes>
  </test> <!-- Test -->
</suite> <!-- Cross Browser Suite -->
