<?xml version="1.0" encoding="UTF-8"?>
<!DOCTYPE suite SYSTEM "https://testng.org/testng-1.0.dtd">
<suite name="Parallel Suite" parallel="tests">

<parameter name="browser" value="edge"></parameter>
  <test thread-count="5" name="Test1">
    <classes>
    <class name="com.orangehrm.qa.testcases.DashBoardPageTest"/>
            
    </classes>
  </test> <!-- Test -->
  
    <test thread-count="5" name="Test2">
    
    <parameter name="browser" value="chrome"></parameter>
    <classes>
   <class name="com.orangehrm.qa.testcases.DashBoardPageTest"/>

    </classes>
  </test> <!-- Test -->
</suite> <!-- Parallel Suite -->
