<?xml version="1.0" encoding="UTF-8"?>
<!DOCTYPE suite SYSTEM "https://testng.org/testng-1.0.dtd">
<suite name="Regression-Suite">

	<parameter name="browser" value="chrome">
	</parameter>
	<test thread-count="5" name="Test">

		<groups>
			<run>
				<include name="regression" />
			</run>
		</groups>


		<classes>
		<class name="com.orangehrm.qa.testcases.LoginPageTest" />
			<class name="com.orangehrm.qa.testcases.DashBoardPageTest" />
			<class name="com.orangehrm.qa.testcases.MyInfoPageTest" />
			<class	name="com.orangehrm.qa.testcases.MyInfoContactDetailsPageTest" />
			<class name="com.orangehrm.qa.testcases.DependentsPageTest" />
			<class name="com.orangehrm.qa.testcases.AdminPageTest" />
			<class name="com.orangehrm.qa.testcases.AddUserPageTest" />
			<class name="com.orangehrm.qa.testcases.EditUserPageTest" />
			<class name="com.orangehrm.qa.testcases.AssignLeavePageTest" />
			 <class name="com.orangehrm.qa.testcases.LeaveEntitlementsPageTest"/>
			<class name="com.orangehrm.qa.testcases.ConfigurePIMPageTest" />
			<class name="com.orangehrm.qa.testcases.PIMReportsPageTest"/>
			<class name="com.orangehrm.qa.testcases.CustomFieldsPageTest" />
			<class name="com.orangehrm.qa.testcases.CsvDataImportaPageTest" />
		</classes>

	</test> <!-- Test -->
</suite> <!-- Regression-Suite -->
