<?xml version="1.0" encoding="UTF-8"?>
<!DOCTYPE suite SYSTEM "https://testng.org/testng-1.0.dtd">
<suite name="Sanity-Suite">
	<parameter name="browser" value="chrome">
	</parameter>
	<test thread-count="5" name="Test">
		<groups>
			<run>
				<include name="sanity" />
			</run>

		</groups>


		<classes>
			<class name="com.orangehrm.qa.testcases.LoginPageTest" />
			<class name="com.orangehrm.qa.testcases.DashBoardPageTest" />
			<class name="com.orangehrm.qa.testcases.MyInfoPageTest" />
			<class	name="com.orangehrm.qa.testcases.MyInfoContactDetailsPageTest" />
			<class name="com.orangehrm.qa.testcases.DependentsPageTest" />
			<class name="com.orangehrm.qa.testcases.AdminPageTest" />
			<class name="com.orangehrm.qa.testcases.AddUserPageTest" />

		</classes>
	</test> <!-- Test -->
</suite> <!-- Sanity-Suite -->
